,Date,Open,High,Low,Close,Adj Close,Volume
0,2020-03-25,1.832,1.916,1.8,1.818,1.818,10666085
1,2020-03-26,1.818,1.84,1.71,1.76,1.76,3691028
2,2020-03-27,1.774,1.918,1.762,1.892,1.892,5741225
3,2020-03-30,2.05,2.43,2.01,2.32,2.32,22157636
4,2020-03-31,2.41,2.44,1.96,2.22,2.22,12089205
5,2020-04-01,2.06,2.145,1.984,2.07,2.07,4682627
6,2020-04-02,2.07,2.095,1.872,1.928,1.928,5270652
7,2020-04-03,1.992,2.24,1.95,2.205,2.205,6460688
8,2020-04-06,2.45,2.6,2.3,2.475,2.475,14917949
9,2020-04-07,2.54,2.55,2.37,2.46,2.46,5972986
10,2020-04-08,2.75,2.99,2.68,2.99,2.99,17422994
11,2020-04-09,3.1,5.98,3.08,4.285,4.285,34625461
12,2020-04-14,5.67,5.9,5.13,5.64,5.64,14575299
13,2020-04-15,5.25,5.25,3.76,4.9,4.9,14292538
14,2020-04-16,5.72,5.75,4.7,5.0,5.0,11631947
15,2020-04-17,4.8,4.95,4.32,4.8,4.8,6083107
16,2020-04-20,4.61,4.75,4.36,4.54,4.54,4371702
17,2020-04-21,4.15,4.38,3.71,3.71,3.71,6393998
18,2020-04-22,3.4,4.52,3.12,4.22,4.22,11610064
19,2020-04-23,4.16,4.49,3.97,4.21,4.21,4669915
20,2020-04-24,4.055,4.42,4.05,4.275,4.275,2293626
21,2020-04-27,4.8,4.93,4.57,4.795,4.795,5528434
22,2020-04-28,4.85,4.95,4.605,4.81,4.81,2851269
23,2020-04-29,5.29,5.37,4.9,4.935,4.935,7428680
24,2020-04-30,4.77,4.9,4.6,4.67,4.67,2889283
25,2020-05-04,4.5,4.8,4.085,4.57,4.57,2086491
26,2020-05-05,4.6,4.94,4.48,4.89,4.89,1859348
27,2020-05-06,4.86,5.06,4.705,4.85,4.85,2349925
28,2020-05-07,4.8,4.9,4.675,4.725,4.725,1097137
29,2020-05-08,4.695,4.72,4.4,4.54,4.54,1500828
30,2020-05-11,4.49,4.645,4.25,4.525,4.525,1144508
31,2020-05-12,4.435,4.56,4.11,4.235,4.235,1853304
32,2020-05-13,4.09,4.63,3.85,4.35,4.35,3893916
33,2020-05-14,4.35,4.45,3.55,3.89,3.89,3585247
34,2020-05-15,3.75,3.92,3.37,3.455,3.455,4416063
35,2020-05-18,3.35,4.25,3.31,3.905,3.905,4973867
36,2020-05-19,4.0,4.195,3.805,3.915,3.915,2187555
37,2020-05-20,3.95,3.95,3.6,3.665,3.665,1769130
38,2020-05-21,3.68,3.74,3.49,3.715,3.715,965426
39,2020-05-22,3.79,3.79,3.49,3.545,3.545,1355964
40,2020-05-25,3.5,3.535,3.2,3.35,3.35,2282293
41,2020-05-26,3.23,3.72,3.21,3.635,3.635,2445528
42,2020-05-27,3.775,3.79,3.385,3.45,3.45,1791547
43,2020-05-28,3.345,3.5,3.27,3.35,3.35,1150971
44,2020-05-29,3.335,3.62,3.33,3.52,3.52,1279329
45,2020-06-01,3.55,4.0,3.55,3.89,3.89,2587740
46,2020-06-02,4.055,4.07,3.4,3.42,3.42,4605031
47,2020-06-03,3.46,3.52,3.055,3.14,3.14,4114018
48,2020-06-04,2.905,2.97,2.57,2.745,2.745,6321566
49,2020-06-05,2.71,3.19,2.58,2.885,2.885,4311380
50,2020-06-08,2.83,2.91,2.62,2.675,2.675,2819558
51,2020-06-09,2.65,2.87,2.65,2.67,2.67,1685015
52,2020-06-10,2.695,2.81,2.61,2.8,2.8,1421059
53,2020-06-11,2.8,2.86,2.67,2.67,2.67,1124561
54,2020-06-12,2.71,2.75,2.43,2.5,2.5,2263495
55,2020-06-15,2.595,2.6,2.31,2.445,2.445,2361373
56,2020-06-16,2.42,2.78,2.385,2.71,2.71,2837419
57,2020-06-17,2.695,2.865,2.645,2.69,2.69,2149316
58,2020-06-18,2.94,3.075,2.66,2.66,2.66,3433250
59,2020-06-19,2.69,2.74,2.575,2.715,2.715,901453
60,2020-06-22,2.75,2.88,2.63,2.63,2.63,919371
61,2020-06-23,2.66,2.69,2.5,2.515,2.515,1067527
62,2020-06-24,2.52,2.71,2.46,2.565,2.565,1362311
63,2020-06-25,2.55,2.92,2.545,2.875,2.875,3052239
64,2020-06-26,2.92,2.98,2.63,2.685,2.685,2117711
65,2020-06-29,2.73,3.065,2.7,2.97,2.97,3454155
66,2020-06-30,2.96,3.015,2.765,2.82,2.82,2289643
67,2020-07-01,2.855,2.95,2.72,2.91,2.91,1699710
68,2020-07-02,2.87,2.97,2.83,2.875,2.875,1087984
69,2020-07-03,2.9,3.22,2.87,3.2,3.2,3972298
70,2020-07-06,3.23,3.355,3.085,3.2,3.2,2607910
71,2020-07-07,3.18,3.225,3.055,3.22,3.22,1322873
72,2020-07-08,3.21,3.21,3.06,3.095,3.095,960443
73,2020-07-09,3.05,3.08,2.855,2.885,2.885,1060587
74,2020-07-10,2.86,3.12,2.86,3.005,3.005,1271842
75,2020-07-13,3.33,3.34,2.9,2.985,2.985,3993094
76,2020-07-14,3.0,3.005,2.76,2.79,2.79,1831761
77,2020-07-15,2.85,2.94,2.81,2.865,2.865,1054505
78,2020-07-16,2.93,2.93,2.8,2.865,2.865,708455
79,2020-07-17,2.9,3.05,2.855,2.975,2.975,1363357
80,2020-07-20,3.1,3.1,2.875,2.915,2.915,1392318
81,2020-07-21,2.905,3.09,2.795,3.01,3.01,1509013
82,2020-07-22,2.95,3.33,2.915,3.24,3.24,3126315
83,2020-07-23,3.2,3.24,2.97,3.0,3.0,1598569
84,2020-07-24,2.96,3.08,2.92,2.98,2.98,763014
85,2020-07-27,3.09,3.29,3.085,3.205,3.205,2687509
86,2020-07-28,3.245,3.34,3.125,3.22,3.22,1358967
87,2020-07-29,3.24,3.56,3.215,3.4,3.4,3489816
88,2020-07-30,3.45,3.535,3.26,3.31,3.31,1755671
89,2020-07-31,3.335,3.46,3.33,3.365,3.365,1025855
90,2020-08-03,3.45,3.45,3.21,3.245,3.245,2124755
91,2020-08-04,3.27,3.29,3.105,3.17,3.17,1248363
92,2020-08-05,3.22,3.61,3.13,3.61,3.61,1874862
93,2020-08-06,3.55,3.805,3.44,3.56,3.56,3333303
94,2020-08-07,3.56,3.68,3.5,3.6,3.6,1317064
95,2020-08-10,3.59,3.63,3.45,3.49,3.49,1165873
96,2020-08-11,3.535,3.535,3.355,3.39,3.39,1215794
97,2020-08-12,3.435,3.44,3.29,3.33,3.33,819418
98,2020-08-13,3.28,3.49,3.23,3.43,3.43,1134570
99,2020-08-14,3.455,3.47,3.35,3.385,3.385,413309
100,2020-08-17,3.39,3.39,3.32,3.35,3.35,615864
101,2020-08-18,3.35,3.35,3.26,3.28,3.28,582398
102,2020-08-19,3.285,3.525,3.23,3.49,3.49,1129949
103,2020-08-20,3.505,3.505,3.305,3.34,3.34,843532
104,2020-08-21,3.31,3.385,3.25,3.275,3.275,626881
105,2020-08-24,3.35,3.35,3.26,3.285,3.285,490068
106,2020-08-25,3.29,3.33,3.23,3.23,3.23,395563
107,2020-08-26,3.22,3.25,2.95,3.22,3.22,1148352
108,2020-08-27,3.4,3.5,3.31,3.45,3.45,2711544
109,2020-08-28,3.42,3.46,3.35,3.4,3.4,929343
110,2020-08-31,3.405,3.68,3.385,3.55,3.55,1420273
111,2020-09-01,3.55,3.645,3.5,3.615,3.615,1219554
112,2020-09-02,3.6,3.61,3.455,3.505,3.505,717829
113,2020-09-03,3.5,3.5,3.275,3.295,3.295,914046
114,2020-09-04,3.43,3.565,3.34,3.37,3.37,1183364
115,2020-09-07,3.35,3.43,3.29,3.3,3.3,608044
116,2020-09-08,3.325,3.445,3.265,3.36,3.36,871670
117,2020-09-09,3.39,3.46,3.33,3.415,3.415,735339
118,2020-09-10,3.415,3.53,3.415,3.49,3.49,784353
119,2020-09-11,3.52,3.6,3.45,3.565,3.565,888371
120,2020-09-14,3.59,3.68,3.575,3.595,3.595,792630
121,2020-09-15,3.6,3.72,3.52,3.7,3.7,1125433
122,2020-09-16,3.72,4.135,3.7,4.075,4.075,3660920
123,2020-09-17,4.07,4.45,4.03,4.175,4.175,4635340
124,2020-09-18,4.22,4.42,4.18,4.4,4.4,1939710
125,2020-09-21,4.5,4.835,4.25,4.455,4.455,4497482
126,2020-09-22,4.295,4.495,4.18,4.35,4.35,1756046
127,2020-09-23,4.39,4.65,4.265,4.58,4.58,1783610
128,2020-09-24,4.59,4.705,4.41,4.45,4.45,1246280
129,2020-09-25,4.475,4.82,4.43,4.78,4.78,2165541
130,2020-09-28,4.89,5.16,4.79,5.16,5.16,3074627
131,2020-09-29,5.84,6.57,5.51,5.67,5.67,14343342
132,2020-09-30,5.67,6.08,5.34,5.84,5.84,4602762
133,2020-10-01,5.94,5.94,5.72,5.8,5.8,1135898
134,2020-10-02,5.76,6.37,5.74,6.26,6.26,4534652
135,2020-10-05,6.45,7.41,6.35,7.17,7.17,8938254
136,2020-10-06,7.26,7.46,6.8,7.2,7.2,3912880
137,2020-10-07,7.03,7.52,6.85,7.42,7.42,3806005
138,2020-10-08,7.5,8.55,7.49,8.41,8.41,7277775
139,2020-10-09,8.65,9.85,8.55,9.62,9.62,7981190
140,2020-10-12,10.56,10.78,8.7,9.0,9.0,12127014
141,2020-10-13,8.5,9.34,8.0,8.53,8.53,6049792
142,2020-10-14,8.5,9.45,8.34,9.32,9.32,3664239
143,2020-10-15,9.45,9.75,8.96,9.21,9.21,3038779
144,2020-10-16,9.35,10.48,8.93,10.32,10.32,6257934
145,2020-10-19,10.3,10.58,9.81,10.12,10.12,3148240
146,2020-10-20,10.1,10.74,9.56,10.48,10.48,4131696
147,2020-10-21,10.38,11.08,10.2,10.86,10.86,3322189
148,2020-10-22,10.88,12.58,10.7,12.12,12.12,6886162
149,2020-10-23,12.44,13.34,12.32,13.18,13.18,5667526
150,2020-10-26,13.62,13.96,10.8,11.38,11.38,10904216
151,2020-10-27,10.24,12.04,9.73,10.82,10.82,7529936
152,2020-10-28,10.5,11.48,8.93,9.2,9.2,5913366
153,2020-10-29,8.86,11.68,8.32,11.5,11.5,7573889
154,2020-10-30,11.7,12.56,10.62,11.28,11.28,6555712
155,2020-11-02,11.6,11.64,10.82,11.16,11.16,2020570
156,2020-11-03,11.04,11.46,10.7,11.12,11.12,1582712
157,2020-11-04,10.94,11.2,10.34,11.2,11.2,1814271
158,2020-11-05,11.18,11.66,10.96,11.14,11.14,1314807
159,2020-11-06,11.3,12.06,10.9,11.6,11.6,3163480
160,2020-11-09,11.88,12.28,6.02,8.0,8.0,13343627
161,2020-11-10,8.32,8.6,6.86,7.8,7.8,7326047
162,2020-11-11,7.8,9.43,7.73,9.16,9.16,6879715
163,2020-11-12,9.58,10.08,9.23,9.85,9.85,5401941
164,2020-11-13,10.18,10.34,9.72,9.73,9.73,2482724
165,2020-11-16,9.5,9.84,7.9,8.77,8.77,6855407
166,2020-11-17,8.64,9.18,8.25,8.85,8.85,2975221
167,2020-11-18,9.02,9.32,8.66,8.66,8.66,1988843
168,2020-11-19,8.7,9.09,8.55,8.96,8.96,1847198
169,2020-11-20,8.96,9.07,8.61,8.89,8.89,1909102
170,2020-11-23,8.87,9.06,8.66,8.7,8.7,1358967
171,2020-11-24,8.68,8.8,7.81,8.01,8.01,3795550
172,2020-11-25,8.0,8.64,7.33,8.42,8.42,4308262
173,2020-11-26,8.41,8.67,8.15,8.43,8.43,1011351
174,2020-11-27,8.45,8.93,8.26,8.86,8.86,1338316
175,2020-11-30,8.9,8.97,8.17,8.63,8.63,4436451
176,2020-12-01,8.6,8.84,8.32,8.52,8.52,1099597
177,2020-12-02,8.0,8.65,7.53,8.55,8.55,1935793
178,2020-12-03,8.47,8.68,8.31,8.5,8.5,698059
179,2020-12-04,8.55,8.57,8.33,8.38,8.38,643363
180,2020-12-07,8.46,9.08,8.37,8.85,8.85,2319268
181,2020-12-08,9.01,10.2,8.85,9.96,9.96,4097475
182,2020-12-09,9.95,10.32,9.14,9.24,9.24,2416472
183,2020-12-10,9.15,9.55,9.01,9.29,9.29,1306374
184,2020-12-11,9.45,9.83,9.32,9.45,9.45,1378531
185,2020-12-14,9.85,9.98,9.37,9.49,9.49,1088538
186,2020-12-15,9.61,9.65,9.05,9.28,9.28,902059
187,2020-12-16,9.23,9.25,8.39,9.03,9.03,1193393
188,2020-12-17,9.09,9.67,8.86,9.51,9.51,1308591
189,2020-12-18,9.41,9.5,9.04,9.18,9.18,718638
190,2020-12-21,9.81,10.18,9.42,9.84,9.84,2847411
191,2020-12-22,9.9,10.1,9.53,9.59,9.59,1019545
192,2020-12-23,9.59,9.6,9.23,9.43,9.43,897457
193,2020-12-24,9.43,9.6,9.25,9.54,9.54,500123
194,2020-12-28,9.62,9.72,9.07,9.19,9.19,1036224
195,2020-12-29,9.09,9.33,8.82,9.14,9.14,1335897
196,2020-12-30,9.04,9.37,8.92,9.33,9.33,830355
197,2020-12-31,9.37,9.85,9.22,9.8,9.8,801651
198,2021-01-04,10.1,10.1,9.34,9.56,9.56,1106253
199,2021-01-05,9.66,10.02,9.3,9.8,9.8,1326956
200,2021-01-06,9.8,9.89,9.51,9.59,9.59,746476
201,2021-01-07,9.62,9.64,9.22,9.32,9.32,1174116
202,2021-01-08,9.38,9.45,9.16,9.28,9.28,796690
203,2021-01-11,9.4,9.59,9.12,9.4,9.4,1035890
204,2021-01-12,9.5,10.0,9.36,9.95,9.95,1708662
205,2021-01-13,9.99,10.78,9.91,10.6,10.6,2878622
206,2021-01-14,10.68,11.48,10.46,11.32,11.32,2190148
207,2021-01-15,11.6,12.3,11.4,11.88,11.88,3254588
208,2021-01-18,12.0,12.48,11.82,12.2,12.2,2108658
209,2021-01-19,12.2,12.22,11.52,12.14,12.14,1527924
210,2021-01-20,12.04,12.92,11.88,12.64,12.64,1901464
211,2021-01-21,12.7,12.8,12.26,12.38,12.38,1083225
212,2021-01-22,12.36,12.98,12.04,12.64,12.64,1581282
213,2021-01-25,12.9,13.62,12.74,13.24,13.24,2237920
214,2021-01-26,13.28,13.42,12.62,12.98,12.98,1516953
215,2021-01-27,13.1,13.46,11.88,12.4,12.4,2101127
216,2021-01-28,12.2,12.22,10.98,12.0,12.0,2027377
217,2021-01-29,10.9,11.5,9.87,9.98,9.98,5574085
218,2021-02-01,10.02,10.54,8.84,9.44,9.44,4794023
219,2021-02-02,9.91,10.3,9.75,9.82,9.82,2934869
220,2021-02-03,9.92,10.02,9.3,9.4,9.4,1502075
221,2021-02-04,9.6,9.69,9.11,9.41,9.41,1355135
222,2021-02-05,9.49,9.54,9.2,9.28,9.28,983790
223,2021-02-08,9.29,9.33,8.58,8.97,8.97,2238689
224,2021-02-09,9.01,9.03,8.63,8.68,8.68,1087725
225,2021-02-10,8.56,9.68,8.33,9.29,9.29,3299155
226,2021-02-11,9.3,9.31,8.82,8.93,8.93,1470976
227,2021-02-12,8.9,8.95,8.7,8.92,8.92,910372
228,2021-02-15,8.96,9.35,8.81,9.09,9.09,992083
229,2021-02-16,9.23,9.23,8.82,8.98,8.98,664242
230,2021-02-17,8.9,9.06,8.5,8.52,8.52,1142725
231,2021-02-18,8.4,9.21,8.12,9.0,9.0,1996480
232,2021-02-19,8.86,9.0,8.55,8.63,8.63,873220
233,2021-02-22,8.58,8.58,8.15,8.18,8.18,1122169
234,2021-02-23,8.1,8.12,7.32,7.93,7.93,2935613
235,2021-02-24,8.0,8.55,7.96,7.96,7.96,1369448
236,2021-02-25,8.0,8.55,7.91,8.46,8.46,1028656
237,2021-02-26,8.32,8.45,8.04,8.14,8.14,804079
238,2021-03-01,8.2,8.26,8.01,8.09,8.09,439685
239,2021-03-02,8.04,8.67,8.04,8.42,8.42,1063691
240,2021-03-03,8.5,8.58,8.24,8.27,8.27,407564
241,2021-03-04,8.2,8.24,7.95,8.12,8.12,553891
242,2021-03-05,8.03,8.24,7.95,8.01,8.01,475201
243,2021-03-08,7.93,8.14,7.8,7.85,7.85,563981
244,2021-03-09,7.82,8.22,7.68,8.15,8.15,701702
245,2021-03-10,8.2,8.54,8.05,8.5,8.5,739640
246,2021-03-11,8.54,8.63,7.85,8.08,8.08,1160737
247,2021-03-12,8.11,8.15,7.72,7.79,7.79,858585
248,2021-03-15,7.77,8.25,7.61,8.1,8.1,1442415
249,2021-03-16,8.08,8.12,7.89,8.1,8.1,548428
250,2021-03-17,8.18,8.41,8.12,8.31,8.31,972600
251,2021-03-18,8.4,8.8,8.32,8.65,8.65,1438066
252,2021-03-19,8.67,9.22,8.62,8.91,8.91,1820662
253,2021-03-22,8.93,8.98,8.27,8.38,8.38,1206465
254,2021-03-23,8.38,8.52,8.27,8.4,8.4,407611
255,2021-03-24,8.49,8.86,8.32,8.33,8.33,771589
256,2021-03-25,8.3,8.35,7.92,8.04,8.04,676087
257,2021-03-26,8.05,8.41,8.05,8.34,8.34,548720
258,2021-03-29,8.35,8.4,8.04,8.06,8.06,407752
259,2021-03-30,8.1,8.19,7.98,8.09,8.09,457768
260,2021-03-31,8.12,8.49,8.02,8.36,8.36,834991
261,2021-04-01,8.33,8.39,8.07,8.084,8.084,673193
262,2021-04-06,8.2,8.2,7.95,8.126,8.126,830728
263,2021-04-07,8.05,8.088,7.904,7.942,7.942,563056
264,2021-04-08,7.95,8.06,7.872,7.958,7.958,665800
265,2021-04-09,7.962,8.038,4.802,4.901,4.901,11589037
266,2021-04-12,4.998,5.26,4.502,4.672,4.672,7877867
267,2021-04-13,4.634,5.134,4.525,5.096,5.096,3947825
268,2021-04-14,5.086,5.28,4.8,4.824,4.824,2699941
269,2021-04-15,4.839,4.846,4.612,4.712,4.712,1619132
270,2021-04-16,4.716,4.799,4.56,4.633,4.633,1180684
271,2021-04-19,4.695,4.758,4.583,4.615,4.615,787336
272,2021-04-20,4.632,4.632,4.185,4.308,4.308,2397625
273,2021-04-21,4.261,4.715,4.16,4.594,4.594,2292392
274,2021-04-22,4.54,4.54,4.23,4.241,4.241,1631718
275,2021-04-23,4.411,5.194,4.41,5.05,5.05,4958358
276,2021-04-26,5.08,6.09,5.0,5.9,5.9,5277202
277,2021-04-27,5.962,6.72,5.62,5.768,5.768,6195062
278,2021-04-28,5.75,6.08,5.32,5.524,5.524,2953948
279,2021-04-29,5.712,5.75,5.316,5.378,5.378,1118133
280,2021-04-30,5.322,5.35,5.132,5.216,5.216,1236969
281,2021-05-03,5.194,5.25,4.83,5.076,5.076,1285693
282,2021-05-04,5.1,5.262,4.93,4.976,4.976,779445
283,2021-05-05,5.0,5.06,4.746,4.84,4.84,854830
284,2021-05-06,4.84,5.05,4.746,4.784,4.784,711334
285,2021-05-07,4.8,4.97,4.783,4.813,4.813,443784
286,2021-05-10,4.881,4.9,4.777,4.828,4.828,294027
287,2021-05-11,4.76,4.8,4.611,4.723,4.723,510252
288,2021-05-12,4.7,4.729,4.52,4.564,4.564,528302
289,2021-05-13,4.51,4.73,4.2,4.602,4.602,1106475
290,2021-05-14,4.679,4.72,4.5,4.687,4.687,476205
291,2021-05-17,4.96,5.35,4.878,4.965,4.965,2237432
292,2021-05-18,5.0,5.05,4.764,4.828,4.828,524527
293,2021-05-19,4.83,4.946,4.701,4.75,4.75,674025
294,2021-05-20,4.88,4.88,4.702,4.741,4.741,348750
295,2021-05-21,4.08,4.45,4.0,4.181,4.181,2234016
296,2021-05-24,4.152,4.234,3.826,4.082,4.082,1273297
297,2021-05-25,4.06,4.16,3.941,4.004,4.004,703947
298,2021-05-26,4.16,4.23,4.025,4.07,4.07,764952
299,2021-05-27,4.06,4.088,3.931,3.931,3.931,2803138
300,2021-05-28,3.912,4.31,3.905,4.31,4.31,1079352
301,2021-05-31,4.33,4.332,4.109,4.17,4.17,427579
302,2021-06-01,4.18,4.226,4.04,4.103,4.103,372963
303,2021-06-02,4.1,4.105,4.005,4.034,4.034,303177
304,2021-06-03,4.11,4.246,3.974,3.98,3.98,754651
305,2021-06-04,4.0,4.12,3.989,4.001,4.001,294580
306,2021-06-07,3.998,4.075,3.985,3.991,3.991,325677
307,2021-06-08,4.0,4.042,3.941,3.941,3.941,218512
308,2021-06-09,3.95,3.961,3.85,3.9,3.9,354231
309,2021-06-10,3.916,3.92,3.828,3.889,3.889,242364
310,2021-06-11,3.89,4.148,3.878,3.988,3.988,836590
311,2021-06-14,4.058,4.097,3.961,3.977,3.977,317332
312,2021-06-15,4.0,4.04,3.941,3.943,3.943,272853
313,2021-06-16,3.942,3.967,3.826,3.869,3.869,308159
314,2021-06-17,3.832,3.9,3.68,3.781,3.781,771987
315,2021-06-18,3.75,4.58,3.75,4.58,4.58,2314571
316,2021-06-21,4.54,4.7,4.113,4.156,4.156,1400639
317,2021-06-22,4.332,4.88,3.946,3.951,3.951,2810801
318,2021-06-23,4.02,4.08,3.73,3.936,3.936,937505
319,2021-06-24,3.964,4.03,3.87,3.902,3.902,383070
320,2021-06-25,3.882,4.106,3.882,4.04,4.04,543947
321,2021-06-28,4.06,4.145,3.964,4.0,4.0,423367
322,2021-06-29,4.14,4.228,3.884,3.962,3.962,730274
323,2021-06-30,3.929,3.969,3.78,3.809,3.809,743154
324,2021-07-01,3.798,3.845,3.72,3.796,3.796,613582
325,2021-07-02,3.827,3.87,3.751,3.808,3.808,396077
326,2021-07-05,3.882,3.967,3.77,3.895,3.895,422469
327,2021-07-06,3.97,3.97,3.8,3.816,3.816,290405
328,2021-07-07,3.816,4.248,3.815,4.23,4.23,1308872
329,2021-07-08,4.16,4.217,3.992,4.088,4.088,923075
330,2021-07-09,4.1,4.137,3.971,4.099,4.099,398569
331,2021-07-12,4.08,4.291,4.052,4.157,4.157,760021
332,2021-07-13,4.111,4.134,3.972,4.0,4.0,609101
333,2021-07-14,3.971,4.005,3.908,3.91,3.91,350866
334,2021-07-15,3.91,3.93,3.83,3.83,3.83,269585
335,2021-07-16,3.82,4.064,3.8,4.048,4.048,279622
336,2021-07-19,4.039,4.26,3.91,4.15,4.15,867427
337,2021-07-20,4.132,4.26,3.98,4.022,4.022,503089
338,2021-07-21,4.046,4.096,3.932,3.95,3.95,306090
339,2021-07-22,3.95,3.996,3.88,3.954,3.954,275673
340,2021-07-23,3.988,4.008,3.902,3.91,3.91,262817
341,2021-07-26,3.918,3.98,3.865,3.871,3.871,277325
342,2021-07-27,3.89,3.991,3.865,3.964,3.964,292009
343,2021-07-28,3.959,3.983,3.9,3.9,3.9,185492
344,2021-07-29,3.9,3.97,3.812,3.847,3.847,393484
345,2021-07-30,3.84,3.863,3.806,3.814,3.814,188896
346,2021-08-02,3.83,3.89,3.814,3.837,3.837,211160
347,2021-08-03,3.825,3.92,3.78,3.798,3.798,300445
348,2021-08-04,3.848,3.85,3.781,3.787,3.787,172967
349,2021-08-05,3.8,3.826,3.525,3.58,3.58,594892
350,2021-08-06,3.58,3.6,3.36,3.464,3.464,986728
351,2021-08-09,3.456,3.77,3.454,3.649,3.649,691247
352,2021-08-10,3.74,3.74,3.471,3.544,3.544,448049
353,2021-08-11,3.568,3.621,3.477,3.485,3.485,212235
354,2021-08-12,3.487,3.497,3.415,3.43,3.43,238696
355,2021-08-13,3.431,3.533,3.4,3.463,3.463,322643
356,2021-08-16,3.463,3.75,3.4,3.612,3.612,811876
357,2021-08-17,3.639,3.639,3.46,3.53,3.53,368887
358,2021-08-18,3.88,4.224,3.845,4.2,4.2,4025413
359,2021-08-19,4.1,4.596,4.022,4.56,4.56,2647847
360,2021-08-20,4.649,5.046,4.48,4.84,4.84,3121172
361,2021-08-23,5.0,5.258,4.867,4.949,4.949,2270001
362,2021-08-24,4.9,4.948,4.51,4.661,4.661,1538762
363,2021-08-25,4.623,4.909,4.44,4.69,4.69,1016811
364,2021-08-26,4.714,4.769,4.606,4.624,4.624,237407
365,2021-08-27,4.617,4.63,4.458,4.46,4.46,550606
366,2021-08-30,4.437,4.48,4.216,4.48,4.48,1025164
367,2021-08-31,4.48,4.6,4.459,4.462,4.462,611196
368,2021-09-01,4.441,4.49,4.322,4.369,4.369,298417
369,2021-09-02,4.344,4.634,4.251,4.477,4.477,575910
370,2021-09-03,4.47,4.54,4.332,4.375,4.375,276072
371,2021-09-06,4.39,4.45,4.25,4.384,4.384,351344
372,2021-09-07,4.338,4.45,4.256,4.396,4.396,293658
373,2021-09-08,4.406,4.406,4.266,4.289,4.289,250056
374,2021-09-09,4.3,4.345,4.238,4.266,4.266,170336
375,2021-09-10,4.251,4.39,4.234,4.234,4.234,215135
376,2021-09-13,4.237,4.25,3.95,3.985,3.985,735579
377,2021-09-14,3.955,4.087,3.88,4.026,4.026,399376
378,2021-09-15,4.094,4.153,3.99,4.015,4.015,251916
379,2021-09-16,3.774,3.895,3.66,3.805,3.805,1131121
380,2021-09-17,3.793,3.806,3.6,3.639,3.639,789729
381,2021-09-20,3.666,3.666,3.4,3.471,3.471,614952
382,2021-09-21,3.438,3.83,3.401,3.714,3.714,747316
383,2021-09-22,3.73,3.768,3.652,3.706,3.706,218932
384,2021-09-23,3.7,3.712,3.602,3.604,3.604,222832
385,2021-09-24,3.6,3.738,3.576,3.636,3.636,271686
386,2021-09-27,3.55,3.65,3.46,3.482,3.482,609033
387,2021-09-28,3.457,3.577,3.443,3.462,3.462,286311
388,2021-09-29,3.465,3.518,3.31,3.34,3.34,575633
389,2021-09-30,3.396,3.4,3.114,3.25,3.25,814782
390,2021-10-01,3.2,3.225,3.108,3.11,3.11,519840
391,2021-10-04,3.118,3.375,3.069,3.231,3.231,496353
392,2021-10-05,3.202,3.215,3.11,3.11,3.11,182377
393,2021-10-06,3.135,3.135,2.891,2.98,2.98,934898
394,2021-10-07,2.92,3.064,2.905,3.011,3.011,540536
395,2021-10-08,3.012,3.253,3.002,3.105,3.105,580656
396,2021-10-11,3.121,3.183,2.983,3.031,3.031,369799
397,2021-10-12,3.0,3.075,2.98,2.993,2.993,236956
398,2021-10-13,3.0,3.07,2.965,3.012,3.012,314833
399,2021-10-14,2.996,3.087,2.966,3.034,3.034,256129
400,2021-10-15,3.004,3.051,2.912,2.946,2.946,413591
401,2021-10-18,2.987,3.065,2.932,3.0,3.0,353510
402,2021-10-19,3.002,3.086,2.99,3.03,3.03,281540
403,2021-10-20,3.05,3.12,2.953,2.97,2.97,405749
404,2021-10-21,2.971,3.032,2.936,2.965,2.965,263350
405,2021-10-22,2.99,3.467,2.95,3.4,3.4,2004067
406,2021-10-25,3.4,3.425,3.11,3.13,3.13,866654
407,2021-10-26,3.13,3.13,2.985,2.99,2.99,367908
408,2021-10-27,3.005,3.034,2.96,2.96,2.96,361473
409,2021-10-28,2.96,3.18,2.927,3.018,3.018,707454
410,2021-10-29,3.046,3.074,2.981,3.006,3.006,267401
411,2021-11-01,3.0,3.099,2.985,3.016,3.016,296447
412,2021-11-02,3.0,3.033,2.8,2.829,2.829,951113
413,2021-11-03,2.82,2.892,2.8,2.81,2.81,365862
414,2021-11-04,2.802,2.868,2.754,2.779,2.779,434659
415,2021-11-05,2.784,2.847,2.67,2.688,2.688,465886
416,2021-11-08,2.7,2.739,2.57,2.6,2.6,698435
417,2021-11-09,2.576,2.824,2.55,2.768,2.768,829255
418,2021-11-10,2.785,2.84,2.635,2.67,2.67,549895
419,2021-11-11,2.69,2.701,2.558,2.616,2.616,389532
420,2021-11-12,2.61,2.648,2.574,2.581,2.581,454753
421,2021-11-15,2.65,2.752,2.599,2.687,2.687,516531
422,2021-11-16,2.719,2.885,2.646,2.83,2.83,759673
423,2021-11-17,2.862,3.462,2.81,3.356,3.356,4212412
424,2021-11-18,3.349,3.788,2.98,3.06,3.06,4732802
425,2021-11-19,3.015,3.584,2.958,3.5,3.5,3138714
426,2021-11-22,3.64,3.77,3.44,3.578,3.578,2172498
427,2021-11-23,3.67,3.67,3.38,3.52,3.52,825884
428,2021-11-24,3.51,3.829,3.44,3.719,3.719,1726800
429,2021-11-25,3.75,3.968,3.62,3.95,3.95,2434983
430,2021-11-26,4.2,5.18,4.198,5.084,5.084,9211211
431,2021-11-29,5.38,5.89,4.7,4.852,4.852,8892617
432,2021-11-30,5.1,5.266,4.652,4.78,4.78,2884572
433,2021-12-01,4.8,4.89,4.05,4.223,4.223,4485151
434,2021-12-02,4.325,4.589,4.125,4.32,4.32,2666337
435,2021-12-03,4.25,4.264,4.02,4.033,4.033,1980278
436,2021-12-06,4.0,4.18,3.86,3.939,3.939,1059162
437,2021-12-07,3.9,3.92,3.51,3.586,3.586,2332963
438,2021-12-08,3.55,3.829,3.51,3.647,3.647,1259528
439,2021-12-09,3.66,3.958,3.59,3.79,3.79,1330319
440,2021-12-10,3.86,3.948,3.68,3.698,3.698,986919
441,2021-12-13,3.667,4.178,3.6,4.178,4.178,1444353
442,2021-12-14,4.2,4.469,4.014,4.149,4.149,2351333
443,2021-12-15,4.2,4.51,4.028,4.51,4.51,1346713
444,2021-12-16,4.566,4.75,4.32,4.359,4.359,1846702
445,2021-12-17,4.3,4.471,4.15,4.347,4.347,1620108
446,2021-12-20,4.396,4.505,4.16,4.439,4.439,1259095
447,2021-12-21,4.45,4.5,4.246,4.252,4.252,764604
448,2021-12-22,4.293,4.32,4.132,4.278,4.278,964016
449,2021-12-23,4.286,4.4,4.227,4.36,4.36,789401
450,2021-12-24,4.389,4.448,4.316,4.322,4.322,455807
451,2021-12-27,4.411,4.94,4.354,4.94,4.94,2660910
452,2021-12-28,4.92,5.078,4.6,4.67,4.67,2270244
453,2021-12-29,4.66,4.697,4.332,4.34,4.34,1595841
454,2021-12-30,4.33,4.586,4.33,4.487,4.487,1109860
455,2021-12-31,4.462,4.503,4.321,4.38,4.38,542866
456,2022-01-03,4.35,4.636,4.35,4.412,4.412,700253
457,2022-01-04,4.415,4.443,3.952,4.123,4.123,1862892
458,2022-01-05,4.0,4.04,3.785,3.877,3.877,1582100
459,2022-01-06,3.84,4.05,3.793,3.85,3.85,611393
460,2022-01-07,3.851,3.918,3.761,3.819,3.819,511600
461,2022-01-10,3.876,3.97,3.765,3.81,3.81,525471
462,2022-01-11,3.78,3.911,3.67,3.705,3.705,585723
463,2022-01-12,3.672,3.8,3.621,3.67,3.67,541497
464,2022-01-13,3.622,3.742,3.622,3.632,3.632,374073
465,2022-01-14,3.621,3.65,3.521,3.526,3.526,469792
466,2022-01-17,3.518,3.518,3.283,3.483,3.483,1037556
467,2022-01-18,3.477,3.477,3.34,3.415,3.415,443528
468,2022-01-19,3.374,3.502,3.236,3.256,3.256,917446
469,2022-01-20,3.201,3.228,2.97,3.219,3.219,1584450
470,2022-01-21,3.22,3.36,3.118,3.175,3.175,692604
471,2022-01-24,3.1,3.167,2.77,2.88,2.88,1346684
472,2022-01-25,2.6,2.69,2.17,2.172,2.172,5101307
473,2022-01-26,2.096,2.36,2.05,2.17,2.17,2387670
474,2022-01-27,2.132,2.25,2.081,2.11,2.11,933896
475,2022-01-28,2.1,2.18,2.021,2.049,2.049,1019210
476,2022-01-31,2.059,2.16,1.8865,2.0,2.0,1611917
477,2022-02-01,2.04,2.12,1.9585,2.04,2.04,834815
478,2022-02-02,2.044,2.08,1.956,1.9685,1.9685,846957
479,2022-02-03,1.966,1.9995,1.8635,1.887,1.887,722335
480,2022-02-04,1.88,2.047,1.85,1.9295,1.9295,1520938
481,2022-02-07,1.95,2.099,1.95,2.059,2.059,1748871
482,2022-02-08,2.096,2.186,2.083,2.1,2.1,1559351
483,2022-02-09,2.119,2.126,2.02,2.04,2.04,1649789
484,2022-02-10,2.03,2.147,2.03,2.112,2.112,753331
485,2022-02-11,2.12,2.13,2.08,2.1,2.1,455168
486,2022-02-14,2.077,2.077,2.022,2.03,2.03,668367
487,2022-02-15,2.036,2.556,2.03,2.556,2.556,1601254
488,2022-02-16,2.714,2.8,2.337,2.351,2.351,2734201
489,2022-02-17,2.42,2.505,2.362,2.38,2.38,786277
490,2022-02-18,2.362,2.456,2.17,2.36,2.36,879936
491,2022-02-21,2.335,2.401,2.21,2.222,2.222,477582
492,2022-02-22,2.16,2.221,2.11,2.142,2.142,554387
493,2022-02-23,2.162,2.169,2.093,2.11,2.11,363075
494,2022-02-24,2.046,2.059,1.96,2.031,2.031,1188664
495,2022-02-25,2.021,2.139,2.021,2.096,2.096,336743
496,2022-02-28,2.022,2.06,1.99,2.009,2.009,245239
497,2022-03-01,2.001,2.066,1.886,1.898,1.898,722001
498,2022-03-02,1.895,1.948,1.852,1.894,1.894,374980
499,2022-03-03,1.89,1.91,1.811,1.816,1.816,704547
500,2022-03-04,1.805,1.86,1.6815,1.7195,1.7195,1122839
501,2022-03-07,1.7,1.7015,1.5975,1.6415,1.6415,994164
502,2022-03-08,1.6525,1.82,1.6495,1.7,1.7,843240
503,2022-03-09,1.8,1.9395,1.744,1.929,1.929,913812
504,2022-03-10,1.93,1.9915,1.87,1.8905,1.8905,422331
505,2022-03-11,1.9,2.25,1.9,2.12,2.12,1209949
506,2022-03-14,2.239,2.55,2.2,2.51,2.51,2133559
507,2022-03-15,2.51,2.687,2.31,2.647,2.647,1933843
508,2022-03-16,2.72,2.863,2.556,2.611,2.611,1774032
509,2022-03-17,2.615,2.648,2.4,2.4,2.4,639378
510,2022-03-18,2.411,2.525,2.366,2.45,2.45,542428
511,2022-03-21,2.5,2.88,2.411,2.85,2.85,1294089
512,2022-03-22,2.813,2.979,2.719,2.776,2.776,1067845
513,2022-03-23,2.74,2.872,2.633,2.634,2.634,569664
514,2022-03-24,2.642,2.74,2.642,2.652,2.652,280813
515,2022-03-25,2.7,2.82,2.68,2.738,2.738,667120
516,2022-03-28,2.762,2.939,2.76,2.842,2.842,633276
517,2022-03-29,2.888,2.902,2.75,2.753,2.753,415181
518,2022-03-30,2.777,2.777,2.642,2.652,2.652,408561
519,2022-03-31,2.654,2.7,2.513,2.545,2.545,499636
520,2022-04-01,2.514,2.74,2.506,2.639,2.639,435108
521,2022-04-04,2.653,2.969,2.651,2.896,2.896,1510574
522,2022-04-05,2.89,2.906,2.742,2.774,2.774,464474
523,2022-04-06,2.75,2.774,2.665,2.682,2.682,346316
524,2022-04-07,2.687,2.79,2.602,2.602,2.602,451782
525,2022-04-08,2.602,2.74,2.602,2.66,2.66,297459
526,2022-04-11,2.7,2.765,2.66,2.744,2.744,281699
527,2022-04-12,2.77,2.777,2.64,2.656,2.656,298080
528,2022-04-13,2.655,2.768,2.641,2.739,2.739,256773
529,2022-04-14,2.728,2.74,2.625,2.701,2.701,490816
530,2022-04-19,2.665,2.665,2.502,2.52,2.52,466339
531,2022-04-20,2.549,2.549,2.379,2.403,2.403,359861
532,2022-04-21,2.435,2.47,2.358,2.394,2.394,483254
533,2022-04-22,2.33,2.4,2.262,2.262,2.262,371938
534,2022-04-25,2.288,2.32,2.229,2.28,2.28,547456
535,2022-04-26,2.004,2.07,1.92,1.97,1.97,1594820
536,2022-04-27,1.98,2.0,1.91,1.93,1.93,260673
537,2022-04-28,1.65,1.863,1.63,1.7465,1.7465,996412
538,2022-04-29,1.74,1.9785,1.727,1.894,1.894,494302
539,2022-05-02,1.94,1.94,1.772,1.828,1.828,292288
540,2022-05-03,1.85,1.9275,1.818,1.92,1.92,249577
541,2022-05-04,1.875,1.9045,1.8,1.825,1.825,284739
542,2022-05-05,1.8615,1.943,1.7805,1.822,1.822,300380
543,2022-05-06,1.8,1.8175,1.762,1.8085,1.8085,147245
544,2022-05-09,1.834,1.834,1.6805,1.71,1.71,350287
545,2022-05-10,1.6905,1.83,1.6905,1.7585,1.7585,295961
546,2022-05-11,1.79,1.8245,1.752,1.8095,1.8095,175335
547,2022-05-12,1.79,1.79,1.7205,1.781,1.781,226523
548,2022-05-13,1.7815,1.8975,1.78,1.8255,1.8255,364207
549,2022-05-16,1.84,1.896,1.82,1.8575,1.8575,299148
550,2022-05-17,1.8385,1.935,1.8205,1.8965,1.8965,229713
551,2022-05-18,1.8675,1.9675,1.864,1.89,1.89,228239
552,2022-05-19,1.86,1.9055,1.78,1.804,1.804,323047
553,2022-05-20,1.81,1.888,1.7955,1.887,1.887,263908
554,2022-05-23,1.9,1.9285,1.765,1.784,1.784,261965
555,2022-05-24,1.8,1.8,1.72,1.748,1.748,268103
556,2022-05-25,1.724,1.743,1.674,1.71,1.71,265614
557,2022-05-26,1.6925,1.775,1.69,1.729,1.729,225919
558,2022-05-27,1.77,1.77,1.711,1.7455,1.7455,137061
559,2022-05-30,1.76,1.8735,1.7595,1.864,1.864,373636
560,2022-05-31,1.85,1.855,1.7725,1.7725,1.7725,248098
561,2022-06-01,1.8595,1.96,1.786,1.786,1.786,754763
562,2022-06-02,1.844,1.844,1.721,1.721,1.721,238043
563,2022-06-03,1.721,1.7435,1.681,1.683,1.683,239108
564,2022-06-06,1.7,1.829,1.7,1.792,1.792,296446
565,2022-06-07,1.79,1.79,1.716,1.765,1.765,144234
566,2022-06-08,1.75,1.79,1.736,1.779,1.779,122417
567,2022-06-09,1.76,1.8495,1.76,1.7905,1.7905,270897
568,2022-06-10,1.7905,1.7905,1.701,1.7165,1.7165,246774
569,2022-06-13,1.701,1.7095,1.62,1.621,1.621,280174
570,2022-06-14,1.621,1.6485,1.53,1.54,1.54,313166
571,2022-06-15,1.5505,1.6455,1.5505,1.64,1.64,187852
572,2022-06-16,1.6295,1.6895,1.5605,1.579,1.579,254150
573,2022-06-17,1.58,1.59,1.5425,1.5675,1.5675,137994
574,2022-06-20,1.6,1.7565,1.598,1.733,1.733,506974
575,2022-06-21,1.71,1.7785,1.6375,1.65,1.65,277248
576,2022-06-22,1.65,1.722,1.62,1.72,1.72,349959
577,2022-06-23,1.71,1.7355,1.651,1.651,1.651,149872
578,2022-06-24,1.661,1.76,1.661,1.703,1.703,383371
579,2022-06-27,1.7,1.7375,1.61,1.62,1.62,397758
580,2022-06-28,1.6795,1.9535,1.605,1.903,1.903,2105948
581,2022-06-29,1.85,1.998,1.791,1.8435,1.8435,1007985
582,2022-06-30,1.82,1.8965,1.765,1.8655,1.8655,582669
583,2022-07-01,1.9,1.935,1.82,1.8565,1.8565,482129
584,2022-07-04,1.89,2.048,1.8245,1.857,1.857,1754622
585,2022-07-05,1.885,1.8945,1.7015,1.719,1.719,775076
586,2022-07-06,1.7995,1.7995,1.719,1.738,1.738,325720
587,2022-07-07,1.482,1.53,1.275,1.305,1.305,2721513
588,2022-07-08,1.3265,1.3565,1.258,1.338,1.338,672178
589,2022-07-11,1.325,1.428,1.325,1.343,1.343,611217
590,2022-07-12,1.343,1.375,1.31,1.372,1.372,247489
591,2022-07-13,1.3695,1.3875,1.31,1.324,1.324,216268
592,2022-07-14,1.305,1.339,1.271,1.28,1.28,191920
593,2022-07-15,1.45,1.4745,1.3705,1.39,1.39,1054033
594,2022-07-18,1.4295,1.4295,1.346,1.346,1.346,162960
595,2022-07-19,1.366,1.3915,1.3505,1.375,1.375,130051
596,2022-07-20,1.36,1.4185,1.343,1.3575,1.3575,236538
597,2022-07-21,1.379,1.379,1.316,1.3355,1.3355,270002
598,2022-07-22,1.315,1.349,1.28,1.281,1.281,388577
599,2022-07-25,1.281,1.333,1.281,1.3005,1.3005,170568
600,2022-07-26,1.323,1.323,1.236,1.251,1.251,391883
601,2022-07-27,1.242,1.313,1.233,1.296,1.296,257809
602,2022-07-28,1.29,1.34,1.28,1.2935,1.2935,286456
603,2022-07-29,1.3005,1.34,1.2855,1.3125,1.3125,225665
604,2022-08-01,1.303,1.385,1.303,1.377,1.377,309175
605,2022-08-02,1.37,1.37,1.3215,1.34,1.34,131917
606,2022-08-03,1.3745,1.444,1.3305,1.355,1.355,658626
607,2022-08-04,1.418,1.4585,1.387,1.388,1.388,452552
608,2022-08-05,1.4,1.4185,1.3745,1.4,1.4,120488
609,2022-08-08,1.42,1.4375,1.388,1.417,1.417,166807
610,2022-08-09,1.39,1.4295,1.36,1.386,1.386,171630
611,2022-08-10,1.4,1.4,1.361,1.378,1.378,111354
612,2022-08-11,1.38,1.393,1.3615,1.371,1.371,142123
613,2022-08-12,1.39,1.39,1.345,1.345,1.345,136591
614,2022-08-15,1.37,1.4,1.34,1.342,1.342,170566
615,2022-08-16,1.342,1.3675,1.3315,1.3565,1.3565,121425
616,2022-08-17,1.3645,1.3715,1.268,1.2815,1.2815,358397
617,2022-08-18,1.3,1.317,1.28,1.284,1.284,126578
618,2022-08-19,1.28,1.3095,1.2645,1.2785,1.2785,159658
619,2022-08-22,1.275,1.285,1.24,1.241,1.241,166191
620,2022-08-23,1.24,1.2695,1.202,1.22,1.22,187200
621,2022-08-24,1.21,1.2285,1.18,1.2285,1.2285,198309
622,2022-08-25,1.2285,1.235,1.182,1.182,1.182,176281
623,2022-08-26,1.183,1.21,1.111,1.115,1.115,521597
624,2022-08-29,1.11,1.1495,1.042,1.13,1.13,549851
625,2022-08-30,1.1305,1.189,1.1305,1.165,1.165,286977
626,2022-08-31,1.17,1.2195,1.126,1.185,1.185,271544
627,2022-09-01,1.19,1.2,1.104,1.122,1.122,236353
628,2022-09-02,1.1195,1.14,1.052,1.077,1.077,401656
629,2022-09-05,1.0995,1.0995,1.06,1.08,1.08,137752
630,2022-09-06,1.095,1.11,1.07,1.0705,1.0705,146040
631,2022-09-07,1.07,1.095,1.042,1.05,1.05,194956
632,2022-09-08,1.05,1.085,0.9682,0.995,0.995,511152
633,2022-09-09,0.97,1.08,0.97,1.05,1.05,436111
634,2022-09-12,1.065,1.067,1.0125,1.028,1.028,140463
635,2022-09-13,1.03,1.0955,1.0265,1.048,1.048,376834
636,2022-09-14,1.06,1.074,1.022,1.05,1.05,99234
637,2022-09-15,1.027,1.0555,1.0105,1.0115,1.0115,96314
638,2022-09-16,1.01,1.022,0.9906,0.9908,0.9908,112780
639,2022-09-19,1.02,1.02,0.993,1.01,1.01,165788
640,2022-09-20,0.993,1.01,0.97,0.9702,0.9702,257259
641,2022-09-21,0.9702,1.0,0.9702,0.971,0.971,126160
642,2022-09-22,0.9798,0.98,0.903,0.93,0.93,219804
643,2022-09-23,0.92,0.95,0.83,0.85,0.85,529742
644,2022-09-26,0.852,1.125,0.83,1.05,1.05,1963941
645,2022-09-27,1.055,1.091,0.951,0.9526,0.9526,550267
646,2022-09-28,0.97,0.97,0.8706,0.9,0.9,528544
647,2022-09-29,0.882,0.882,0.8,0.8102,0.8102,954194
648,2022-09-30,0.82,0.8672,0.791,0.791,0.791,282643
649,2022-10-03,0.8,0.854,0.8,0.81,0.81,249896
650,2022-10-04,0.84,0.882,0.8248,0.845,0.845,227457
651,2022-10-05,0.85,0.935,0.8482,0.921,0.921,461360
652,2022-10-06,0.936,1.02,0.921,0.954,0.954,428444
653,2022-10-07,0.977,1.025,0.9382,1.0,1.0,421186
654,2022-10-10,0.9556,0.9674,0.9,0.9212,0.9212,420136
655,2022-10-11,0.9184,0.9602,0.896,0.9052,0.9052,164493
656,2022-10-12,0.935,0.954,0.8918,0.928,0.928,294622
657,2022-10-13,0.91,0.933,0.8976,0.933,0.933,164885
658,2022-10-14,0.93,0.9588,0.915,0.915,0.915,103740
659,2022-10-17,0.915,0.959,0.9002,0.9494,0.9494,151032
660,2022-10-18,0.9392,0.955,0.925,0.9262,0.9262,156828
661,2022-10-19,0.94,0.94,0.9,0.9294,0.9294,199111
662,2022-10-20,0.9292,0.9292,0.8782,0.907,0.907,278598
663,2022-10-21,0.9072,0.9138,0.8712,0.877,0.877,155643
664,2022-10-24,0.88,0.89,0.8612,0.8726,0.8726,156717
665,2022-10-25,0.8726,0.9002,0.865,0.869,0.869,91437
666,2022-10-26,0.8732,0.903,0.8732,0.8984,0.8984,121706
667,2022-10-27,0.898,0.898,0.842,0.8632,0.8632,238244
668,2022-10-28,0.875,0.88,0.83,0.8336,0.8336,154471
669,2022-10-31,0.85,0.851,0.82,0.83,0.83,132286
670,2022-11-01,0.82,0.8558,0.82,0.821,0.821,145023
671,2022-11-02,0.8202,0.845,0.82,0.824,0.824,94093
672,2022-11-03,0.83,0.8398,0.81,0.8194,0.8194,77001
673,2022-11-04,0.825,0.825,0.807,0.8118,0.8118,84754
674,2022-11-07,0.8248,0.8388,0.807,0.8198,0.8198,97074
675,2022-11-08,0.8198,0.8198,0.805,0.8168,0.8168,62966
676,2022-11-09,0.8062,0.86,0.8062,0.8234,0.8234,133270
677,2022-11-10,0.842,0.842,0.7542,0.7774,0.7774,775591
678,2022-11-11,0.7798,0.7996,0.77,0.777,0.777,290569
679,2022-11-14,0.78,0.7964,0.7704,0.782,0.782,122286
680,2022-11-15,0.785,0.795,0.7652,0.7766,0.7766,220759
681,2022-11-16,0.77,0.79,0.735,0.738,0.738,276534
682,2022-11-17,0.74,0.74,0.708,0.7118,0.7118,176784
683,2022-11-18,0.72,0.74,0.7082,0.735,0.735,143139
684,2022-11-21,0.72,0.7278,0.707,0.707,0.707,96268
685,2022-11-22,0.71,0.72,0.7,0.714,0.714,135910
686,2022-11-23,0.71,0.746,0.7002,0.72,0.72,273309
687,2022-11-24,0.727,0.776,0.709,0.7226,0.7226,347915
688,2022-11-25,0.7216,0.73,0.7104,0.715,0.715,120690
689,2022-11-28,0.7162,0.77,0.7118,0.76,0.76,474485
690,2022-11-29,0.758,0.7648,0.7104,0.7192,0.7192,277859
691,2022-11-30,0.73,0.8588,0.72,0.83,0.83,2087411
692,2022-12-01,0.8164,0.8598,0.7822,0.809,0.809,711115
693,2022-12-02,0.819,0.8398,0.7802,0.8184,0.8184,322512
694,2022-12-05,0.83,0.843,0.7904,0.84,0.84,289068
695,2022-12-06,0.843,0.97,0.8306,0.906,0.906,973929
696,2022-12-07,0.93,0.97,0.91,0.956,0.956,655115
697,2022-12-08,0.956,0.967,0.9,0.9312,0.9312,343081
698,2022-12-09,0.952,0.989,0.9268,0.958,0.958,353703
699,2022-12-12,0.96,0.98,0.8802,0.8908,0.8908,379373
700,2022-12-13,0.886,0.89,0.85,0.861,0.861,333421
701,2022-12-14,0.8216,0.8624,0.811,0.83,0.83,290211
702,2022-12-15,0.8278,0.833,0.7504,0.77,0.77,448188
703,2022-12-16,0.77,0.8048,0.7494,0.7594,0.7594,254690
704,2022-12-19,0.76,0.7696,0.7238,0.7322,0.7322,145322
705,2022-12-20,0.7424,0.816,0.7322,0.812,0.812,277040
706,2022-12-21,0.825,0.833,0.77,0.78,0.78,234228
707,2022-12-22,0.775,0.81,0.76,0.7846,0.7846,232884
708,2022-12-23,0.7824,0.7846,0.745,0.76,0.76,119636
709,2022-12-27,0.7552,0.7676,0.723,0.727,0.727,213432
710,2022-12-28,0.7272,0.7464,0.721,0.722,0.722,247120
711,2022-12-29,0.726,1.05,0.726,0.9614,0.9614,3499936
712,2022-12-30,0.95,1.264,0.89,1.2295,1.2295,5063561
713,2023-01-02,1.33,1.988,1.31,1.774,1.774,5492819
714,2023-01-03,1.6985,1.78,1.385,1.4885,1.4885,5809069
715,2023-01-04,1.45,1.47,1.206,1.2175,1.2175,3217490
716,2023-01-05,1.214,1.2755,1.116,1.117,1.117,2066039
717,2023-01-06,1.126,1.22,1.0215,1.0355,1.0355,1680940
718,2023-01-09,1.051,1.12,0.97,1.11,1.11,1430278
719,2023-01-10,1.11,1.11,1.0145,1.0145,1.0145,814779
720,2023-01-11,1.015,1.076,0.951,0.964,0.964,1153925
721,2023-01-12,0.96,0.9982,0.89,0.9104,0.9104,916600
722,2023-01-13,0.92,0.9454,0.88,0.943,0.943,782410
723,2023-01-16,0.9484,0.982,0.91,0.91,0.91,589504
724,2023-01-17,0.92,0.9258,0.8912,0.9146,0.9146,220482
725,2023-01-18,0.9102,0.9216,0.8672,0.8672,0.8672,436335
726,2023-01-19,0.8652,0.8796,0.8264,0.8264,0.8264,413637
727,2023-01-20,0.8242,0.8978,0.811,0.8866,0.8866,686966
728,2023-01-23,0.8998,1.088,0.8566,1.06,1.06,1768608
729,2023-01-24,1.02,1.066,0.92,0.9402,0.9402,1836814
730,2023-01-25,0.93,0.9538,0.8822,0.9152,0.9152,556926
731,2023-01-26,0.9,0.9298,0.8524,0.87,0.87,948764
732,2023-01-27,0.856,0.882,0.841,0.853,0.853,702305
733,2023-01-30,0.841,0.87,0.8142,0.8182,0.8182,565674
734,2023-01-31,0.823,0.8386,0.78,0.8084,0.8084,633043
735,2023-02-01,0.826,0.8474,0.7854,0.8202,0.8202,301531
736,2023-02-02,0.82,0.8288,0.7726,0.779,0.779,464553
737,2023-02-03,0.78,0.788,0.75,0.7768,0.7768,586547
738,2023-02-06,0.78,0.799,0.7414,0.781,0.781,567846
739,2023-02-07,0.7898,0.7898,0.7422,0.745,0.745,267375
740,2023-02-08,0.774,0.7878,0.7456,0.777,0.777,339941
741,2023-02-09,0.761,0.7766,0.7502,0.7644,0.7644,180057
742,2023-02-10,0.779,0.779,0.7514,0.7534,0.7534,103137
743,2023-02-13,0.7544,0.772,0.753,0.762,0.762,115709
744,2023-02-14,0.762,0.7718,0.7474,0.75,0.75,201905
745,2023-02-15,0.75,0.7596,0.735,0.735,0.735,239410
746,2023-02-16,0.74,0.755,0.74,0.7484,0.7484,141086
747,2023-02-17,0.7468,0.7552,0.72,0.72,0.72,378380
748,2023-02-20,0.7208,0.7248,0.7,0.704,0.704,414018
749,2023-02-21,0.7036,0.7096,0.6812,0.701,0.701,297788
750,2023-02-22,0.6936,0.6998,0.672,0.6806,0.6806,268066
751,2023-02-23,0.6552,0.698,0.6552,0.693,0.693,276710
752,2023-02-24,0.693,0.814,0.68,0.7362,0.7362,953404
753,2023-02-27,0.746,0.75,0.69,0.7044,0.7044,301976
754,2023-02-28,0.704,0.741,0.695,0.709,0.709,225850
755,2023-03-01,0.7,0.72,0.6982,0.6982,0.6982,93185
756,2023-03-02,0.7,0.708,0.681,0.6952,0.6952,154278
757,2023-03-03,0.6858,0.7,0.67,0.6938,0.6938,303996
758,2023-03-06,0.6704,0.69,0.665,0.6772,0.6772,349988
759,2023-03-07,0.67,0.69,0.67,0.674,0.674,101340
760,2023-03-08,0.67,0.6796,0.661,0.6628,0.6628,91904
761,2023-03-09,0.6622,0.68,0.6622,0.6718,0.6718,83697
762,2023-03-10,0.666,0.6784,0.657,0.66,0.66,107476
763,2023-03-13,0.66,0.6676,0.6186,0.6348,0.6348,281758
764,2023-03-14,0.63,0.6932,0.628,0.6932,0.6932,246167
765,2023-03-15,0.6998,0.719,0.6334,0.643,0.643,330210
766,2023-03-16,0.65,0.6588,0.621,0.629,0.629,113567
767,2023-03-17,0.629,0.65,0.6184,0.6206,0.6206,78374
768,2023-03-20,0.628,0.628,0.59,0.59,0.59,230638
769,2023-03-21,0.6,0.6424,0.6,0.6138,0.6138,189025
770,2023-03-22,0.618,0.646,0.603,0.6412,0.6412,75911
771,2023-03-23,0.63,0.6346,0.615,0.6244,0.6244,83293
772,2023-03-24,0.62,0.64,0.6062,0.612,0.612,82879
773,2023-03-27,0.605,0.6246,0.6032,0.6218,0.6218,149262
774,2023-03-28,0.6218,0.656,0.6204,0.6212,0.6212,153425
775,2023-03-29,0.62,0.63,0.6062,0.63,0.63,74417
776,2023-03-30,0.62,0.6644,0.62,0.6486,0.6486,234386
777,2023-03-31,0.6486,0.66,0.64,0.64,0.64,46940
778,2023-04-03,0.618,0.646,0.618,0.621,0.621,119744
779,2023-04-04,0.621,0.654,0.619,0.638,0.638,197053
780,2023-04-05,0.625,0.6325,0.608,0.614,0.614,81620
781,2023-04-06,0.62,0.633,0.61,0.625,0.625,77326
782,2023-04-11,0.63,0.65,0.63,0.6495,0.6495,166573
783,2023-04-12,0.65,0.655,0.6315,0.6315,0.6315,58500
784,2023-04-13,0.6315,0.64,0.625,0.6255,0.6255,53211
785,2023-04-14,0.6255,0.65,0.6255,0.6335,0.6335,71648
786,2023-04-17,0.64,0.64,0.615,0.617,0.617,94847
787,2023-04-18,0.636,0.636,0.6,0.6,0.6,188069
788,2023-04-19,0.6,0.63,0.6,0.6135,0.6135,118157
789,2023-04-20,0.614,0.621,0.605,0.621,0.621,52551
790,2023-04-21,0.62,0.62,0.59,0.591,0.591,205257
791,2023-04-24,0.591,0.591,0.565,0.565,0.565,146380
792,2023-04-25,0.57,0.5795,0.5515,0.57,0.57,145680
793,2023-04-26,0.562,0.5765,0.553,0.553,0.553,128858
794,2023-04-27,0.58,0.6015,0.569,0.5785,0.5785,224783
795,2023-04-28,0.59,0.591,0.557,0.5625,0.5625,165153
796,2023-05-02,0.56,0.57,0.5255,0.54,0.54,170438
797,2023-05-03,0.54,0.54,0.522,0.526,0.526,108528
798,2023-05-04,0.5,0.5385,0.498,0.5165,0.5165,115847
799,2023-05-05,0.516,0.531,0.515,0.5175,0.5175,89516
800,2023-05-08,0.53,0.53,0.509,0.517,0.517,61058
801,2023-05-09,0.52,0.52,0.4952,0.505,0.505,115133
802,2023-05-10,0.505,0.5095,0.48,0.481,0.481,181107
803,2023-05-11,0.478,0.4888,0.474,0.476,0.476,120351
804,2023-05-12,0.485,0.548,0.4846,0.499,0.499,623863
805,2023-05-15,0.499,0.51,0.4744,0.475,0.475,218461
806,2023-05-16,0.48,0.4918,0.4714,0.4724,0.4724,110086
807,2023-05-17,0.48,0.489,0.4702,0.4702,0.4702,112848
808,2023-05-18,0.481,0.481,0.47,0.4738,0.4738,64845
809,2023-05-19,0.479,0.485,0.466,0.479,0.479,117400
810,2023-05-22,0.473,0.484,0.47,0.4722,0.4722,67348
811,2023-05-23,0.47,0.4784,0.4622,0.4622,0.4622,97409
812,2023-05-24,0.47,0.4778,0.4602,0.4616,0.4616,152028
813,2023-05-25,0.46,0.4988,0.46,0.486,0.486,261441
814,2023-05-26,0.486,0.486,0.464,0.4662,0.4662,135996
815,2023-05-29,0.462,0.47,0.462,0.463,0.463,24963
816,2023-05-30,0.47,0.473,0.4642,0.4646,0.4646,62450
817,2023-05-31,0.464,0.47,0.4602,0.466,0.466,48934
818,2023-06-01,0.466,0.469,0.458,0.469,0.469,74865
819,2023-06-02,0.47,0.4946,0.47,0.481,0.481,231315
820,2023-06-05,0.481,0.5,0.481,0.494,0.494,118816
821,2023-06-06,0.4994,0.4994,0.486,0.493,0.493,63208
822,2023-06-07,0.49,0.495,0.478,0.49,0.49,63227
823,2023-06-08,0.4994,0.4994,0.4804,0.488,0.488,48907
824,2023-06-09,0.49,0.4996,0.4842,0.496,0.496,80390
825,2023-06-12,0.4954,0.4954,0.47,0.482,0.482,147446
826,2023-06-13,0.47,0.485,0.47,0.4786,0.4786,67648
827,2023-06-14,0.48,0.4874,0.469,0.469,0.469,110422
828,2023-06-15,0.469,0.4748,0.468,0.4742,0.4742,38306
829,2023-06-16,0.46,0.47,0.46,0.4612,0.4612,159643
830,2023-06-19,0.463,0.4632,0.458,0.4614,0.4614,46403
831,2023-06-20,0.463,0.463,0.445,0.4482,0.4482,131198
832,2023-06-21,0.455,0.4598,0.447,0.4524,0.4524,59838
833,2023-06-22,0.44,0.4502,0.44,0.44,0.44,116003
834,2023-06-23,0.45,0.45,0.44,0.4406,0.4406,62168
835,2023-06-26,0.44,0.446,0.4312,0.444,0.444,78262
836,2023-06-27,0.444,0.444,0.4312,0.438,0.438,48035
837,2023-06-28,0.44,0.44,0.422,0.4266,0.4266,57935
838,2023-06-29,0.4266,0.4318,0.42,0.4232,0.4232,58966
839,2023-06-30,0.4248,0.426,0.42,0.4238,0.4238,53587
840,2023-07-03,0.4294,0.599,0.4292,0.55,0.55,1811437
841,2023-07-04,0.56,0.5665,0.501,0.5025,0.5025,622223
842,2023-07-05,0.51,0.51,0.47,0.48,0.48,207499
843,2023-07-06,0.48,0.4986,0.461,0.485,0.485,183552
844,2023-07-07,0.48,0.48,0.461,0.4788,0.4788,47621
845,2023-07-10,0.48,0.48,0.4656,0.48,0.48,34971
846,2023-07-11,0.493,0.5195,0.4806,0.5195,0.5195,108901
847,2023-07-12,0.5195,0.53,0.506,0.5255,0.5255,108084
848,2023-07-13,0.528,0.528,0.51,0.522,0.522,102457
849,2023-07-14,0.5215,0.5215,0.51,0.515,0.515,50589
850,2023-07-17,0.52,0.53,0.5105,0.529,0.529,77558
851,2023-07-18,0.53,0.53,0.516,0.527,0.527,61050
852,2023-07-19,0.518,0.54,0.516,0.5205,0.5205,91911
853,2023-07-20,0.53,0.53,0.523,0.529,0.529,28344
854,2023-07-21,0.53,0.5435,0.5245,0.54,0.54,111247
855,2023-07-24,0.54,0.7065,0.536,0.695,0.695,2057346
856,2023-07-25,0.6995,0.869,0.653,0.804,0.804,3346722
857,2023-07-26,0.818,0.85,0.722,0.7585,0.7585,1197547
858,2023-07-27,0.7885,0.7885,0.67,0.706,0.706,812266
859,2023-07-28,0.72,0.72,0.66,0.716,0.716,446402
860,2023-07-31,0.716,0.786,0.6915,0.7295,0.7295,760448
861,2023-08-01,0.75,0.778,0.704,0.725,0.725,372714
862,2023-08-02,0.726,0.726,0.702,0.7125,0.7125,123011
863,2023-08-03,0.7025,0.7425,0.7025,0.7425,0.7425,174013
864,2023-08-04,0.745,0.755,0.71,0.725,0.725,159522
865,2023-08-07,0.735,0.735,0.68,0.6865,0.6865,196071
866,2023-08-08,0.681,0.6875,0.652,0.652,0.652,165700
867,2023-08-09,0.6525,0.713,0.62,0.7,0.7,495595
868,2023-08-10,0.708,0.82,0.708,0.77,0.77,991887
869,2023-08-11,0.788,0.9,0.775,0.888,0.888,2754552
870,2023-08-14,0.918,0.995,0.898,0.9075,0.9075,2808602
871,2023-08-15,0.89,0.905,0.85,0.87,0.87,626139
872,2023-08-16,0.853,0.938,0.82,0.902,0.902,813095
873,2023-08-17,0.8945,0.9595,0.871,0.948,0.948,706556
874,2023-08-18,0.9495,0.974,0.91,0.931,0.931,655604
875,2023-08-21,0.94,0.9735,0.898,0.937,0.937,554252
876,2023-08-22,0.92,0.94,0.88,0.9,0.9,500645
877,2023-08-23,0.9,0.917,0.873,0.89,0.89,276781
878,2023-08-24,0.88,0.902,0.822,0.8585,0.8585,349667
879,2023-08-25,0.841,0.895,0.8205,0.866,0.866,361129
880,2023-08-28,0.898,0.935,0.88,0.9345,0.9345,437797
881,2023-08-29,0.938,0.956,0.909,0.9105,0.9105,516571
882,2023-08-30,0.93,0.93,0.881,0.9055,0.9055,297907
883,2023-08-31,0.92,0.928,0.882,0.885,0.885,243139
884,2023-09-01,0.887,0.9165,0.835,0.86,0.86,358232
885,2023-09-04,0.8555,0.96,0.8505,0.9275,0.9275,975147
886,2023-09-05,0.9225,0.939,0.8895,0.9,0.9,171399
887,2023-09-06,0.9,0.905,0.865,0.8745,0.8745,274034
888,2023-09-07,0.88,0.894,0.8605,0.8715,0.8715,175483
889,2023-09-08,0.87,0.94,0.855,0.931,0.931,266022
890,2023-09-11,0.922,0.955,0.907,0.95,0.95,802050
891,2023-09-12,0.94,0.9445,0.893,0.905,0.905,548795
892,2023-09-13,0.888,0.9035,0.872,0.9,0.9,307154
893,2023-09-14,0.9,0.92,0.87,0.8935,0.8935,212027
894,2023-09-15,0.899,0.9095,0.8325,0.8325,0.8325,605501
895,2023-09-18,0.8325,0.8555,0.77,0.771,0.771,584506
896,2023-09-19,0.764,0.7875,0.73,0.749,0.749,384725
897,2023-09-20,0.744,0.8,0.744,0.77,0.77,313336
898,2023-09-21,0.762,0.7685,0.7455,0.7625,0.7625,136090
899,2023-09-22,0.77,0.78,0.745,0.78,0.78,92784
900,2023-09-25,0.78,0.791,0.7415,0.742,0.742,228076
901,2023-09-26,0.742,0.75,0.72,0.75,0.75,159011
902,2023-09-27,0.7575,0.7575,0.725,0.75,0.75,117525
903,2023-09-28,0.743,0.743,0.6755,0.68,0.68,404557
904,2023-09-29,0.68,0.74,0.68,0.72,0.72,253572
905,2023-10-02,0.71,0.74,0.709,0.7155,0.7155,118307
906,2023-10-03,0.71,0.712,0.682,0.6995,0.6995,138563
907,2023-10-04,0.69,0.69,0.671,0.671,0.671,67995
908,2023-10-05,0.67,0.6895,0.6555,0.666,0.666,144518
909,2023-10-06,0.665,0.685,0.63,0.6345,0.6345,250634
910,2023-10-09,0.6,0.64,0.59,0.614,0.614,449154
911,2023-10-10,0.625,0.65,0.621,0.648,0.648,118687
912,2023-10-11,0.649,0.687,0.635,0.642,0.642,329300
913,2023-10-12,0.655,0.655,0.6105,0.626,0.626,59779
914,2023-10-13,0.63,0.634,0.5905,0.5905,0.5905,173450
915,2023-10-16,0.6,0.6015,0.562,0.565,0.565,184591
916,2023-10-17,0.57,0.58,0.561,0.5685,0.5685,65532
917,2023-10-18,0.551,0.5715,0.54,0.55,0.55,171572
918,2023-10-19,0.55,0.55,0.5105,0.5365,0.5365,232597
919,2023-10-20,0.52,0.5495,0.52,0.522,0.522,175813
920,2023-10-23,0.52,0.5385,0.5165,0.535,0.535,122617
921,2023-10-24,0.535,0.5585,0.535,0.54,0.54,123469
922,2023-10-25,0.5405,0.5405,0.5,0.5075,0.5075,186063
923,2023-10-26,0.5075,0.5195,0.4684,0.4704,0.4704,408424
924,2023-10-27,0.4706,0.4898,0.461,0.48,0.48,166421
925,2023-10-30,0.48,0.48,0.452,0.4618,0.4618,230298
926,2023-10-31,0.468,0.4738,0.4544,0.4696,0.4696,127234
927,2023-11-01,0.46,0.59,0.46,0.59,0.59,378158
928,2023-11-02,0.555,0.63,0.54,0.56,0.56,757429
929,2023-11-03,0.56,0.5975,0.5335,0.576,0.576,220032
930,2023-11-06,0.57,0.575,0.5155,0.536,0.536,222302
931,2023-11-07,0.532,0.7185,0.524,0.705,0.705,1769011
932,2023-11-08,0.7005,0.7005,0.6305,0.6305,0.6305,603132
933,2023-11-09,0.65,0.6735,0.629,0.6385,0.6385,216291
934,2023-11-10,0.6385,0.64,0.6055,0.606,0.606,160121
935,2023-11-13,0.61,0.6355,0.6015,0.605,0.605,119862
936,2023-11-14,0.605,0.6385,0.605,0.614,0.614,177352
937,2023-11-15,0.639,0.639,0.597,0.6005,0.6005,192163
938,2023-11-16,0.601,0.61,0.595,0.603,0.603,89845
939,2023-11-17,0.6145,0.6145,0.6,0.604,0.604,54696
940,2023-11-20,0.61,0.61,0.5905,0.591,0.591,48089
941,2023-11-21,0.6,0.6,0.5805,0.5805,0.5805,105913
942,2023-11-22,0.5805,0.585,0.56,0.56,0.56,129912
943,2023-11-23,0.628,0.6895,0.6045,0.645,0.645,1135712
944,2023-11-24,0.665,0.6695,0.611,0.616,0.616,279254
945,2023-11-27,0.611,0.755,0.611,0.755,0.755,1501169
946,2023-11-28,0.75,0.898,0.7325,0.826,0.826,1719620
947,2023-11-29,0.815,0.85,0.74,0.83,0.83,978202
948,2023-11-30,0.848,0.85,0.749,0.749,0.749,628398
949,2023-12-01,0.722,0.77,0.7005,0.7475,0.7475,511471
950,2023-12-04,0.749,0.7495,0.71,0.712,0.712,174862
951,2023-12-05,0.71,0.7235,0.675,0.694,0.694,364729
952,2023-12-06,0.691,0.6995,0.682,0.692,0.692,155807
953,2023-12-07,0.692,0.777,0.679,0.7335,0.7335,741595
954,2023-12-08,0.744,0.832,0.744,0.805,0.805,1096783
955,2023-12-11,0.78,0.824,0.763,0.794,0.794,442081
956,2023-12-12,0.794,0.81,0.7655,0.7735,0.7735,224675
957,2023-12-13,0.774,0.797,0.736,0.74,0.74,345899
958,2023-12-14,0.752,0.752,0.712,0.715,0.715,240207
959,2023-12-15,0.7375,0.75,0.73,0.743,0.743,267177
960,2023-12-18,0.72,0.797,0.719,0.762,0.762,375695
961,2023-12-19,0.7605,0.7835,0.731,0.75,0.75,216443
962,2023-12-20,0.76,0.76,0.7225,0.726,0.726,192753
963,2023-12-21,0.73,0.7395,0.709,0.719,0.719,158142
964,2023-12-22,0.711,0.7125,0.684,0.71,0.71,229617
965,2023-12-27,0.696,0.7495,0.696,0.71,0.71,405146
966,2023-12-28,0.73,0.73,0.7,0.71,0.71,91121
967,2023-12-29,0.701,0.72,0.701,0.713,0.713,89449
968,2024-01-02,0.72,0.72,0.704,0.7135,0.7135,54674
969,2024-01-03,0.72,0.72,0.68,0.685,0.685,215560
970,2024-01-04,0.685,0.6985,0.6805,0.692,0.692,55791
971,2024-01-05,0.6855,0.6885,0.661,0.6715,0.6715,179314
972,2024-01-08,0.66,0.6765,0.656,0.669,0.669,114949
973,2024-01-09,0.66,0.669,0.64,0.6405,0.6405,322028
974,2024-01-10,0.6495,0.6805,0.64,0.658,0.658,276760
975,2024-01-11,0.66,0.66,0.622,0.625,0.625,163970
976,2024-01-12,0.64,0.655,0.62,0.653,0.653,127168
977,2024-01-15,0.6315,0.6395,0.623,0.631,0.631,45635
978,2024-01-16,0.6205,0.6325,0.6205,0.622,0.622,21237
979,2024-01-17,0.6205,0.63,0.61,0.62,0.62,111049
980,2024-01-18,0.6195,0.6285,0.6065,0.625,0.625,79590
981,2024-01-19,0.625,0.6295,0.606,0.606,0.606,80821
982,2024-01-22,0.6025,0.61,0.5925,0.608,0.608,168343
983,2024-01-23,0.6,0.6085,0.59,0.5985,0.5985,65294
984,2024-01-24,0.5905,0.6,0.555,0.558,0.558,531531
985,2024-01-25,0.566,0.5695,0.5415,0.5665,0.5665,120483
986,2024-01-26,0.5665,0.58,0.543,0.555,0.555,138775
987,2024-01-29,0.56,0.57,0.55,0.565,0.565,73322
988,2024-01-30,0.56,0.574,0.555,0.57,0.57,38815
989,2024-01-31,0.575,0.644,0.575,0.6155,0.6155,465204
990,2024-02-01,0.61,0.64,0.6015,0.629,0.629,123884
991,2024-02-02,0.629,0.629,0.592,0.608,0.608,62353
992,2024-02-05,0.6005,0.613,0.571,0.58,0.58,105634
993,2024-02-06,0.572,0.5845,0.555,0.557,0.557,113845
994,2024-02-07,0.5605,0.569,0.548,0.548,0.548,67175
995,2024-02-08,0.56,0.575,0.547,0.5585,0.5585,65167
996,2024-02-09,0.56,0.588,0.56,0.576,0.576,100195
997,2024-02-12,0.5615,0.5775,0.5615,0.5695,0.5695,47164
998,2024-02-13,0.562,0.594,0.56,0.561,0.561,82570
999,2024-02-14,0.5605,0.5875,0.5605,0.5615,0.5615,62441
1000,2024-02-15,0.58,0.58,0.56,0.5685,0.5685,78878
1001,2024-02-16,0.5615,0.577,0.56,0.5615,0.5615,93872
1002,2024-02-19,0.56,0.57,0.549,0.553,0.553,104899
1003,2024-02-20,0.553,0.5645,0.5425,0.559,0.559,109016
1004,2024-02-21,0.5695,0.5695,0.5505,0.555,0.555,65178
1005,2024-02-22,0.56,0.5685,0.55,0.5585,0.5585,56977
1006,2024-02-23,0.5585,0.5695,0.5505,0.564,0.564,53091
1007,2024-02-26,0.55,0.56,0.5235,0.53,0.53,279861
1008,2024-02-27,0.52,0.5365,0.5105,0.53,0.53,147132
1009,2024-02-28,0.531,0.536,0.515,0.53,0.53,87291
1010,2024-02-29,0.52,0.5295,0.515,0.515,0.515,48895
1011,2024-03-01,0.515,0.53,0.515,0.5245,0.5245,54782
1012,2024-03-04,0.52,0.534,0.515,0.525,0.525,53771
1013,2024-03-05,0.52,0.536,0.52,0.524,0.524,59593
1014,2024-03-06,0.52,0.527,0.507,0.525,0.525,45366
1015,2024-03-07,0.525,0.525,0.5,0.508,0.508,196328
1016,2024-03-08,0.51,0.519,0.4932,0.506,0.506,154454
1017,2024-03-11,0.51,0.5175,0.5005,0.5055,0.5055,37013
1018,2024-03-12,0.506,0.518,0.505,0.518,0.518,53942
1019,2024-03-13,0.52,0.53,0.5115,0.53,0.53,65143
1020,2024-03-14,0.52,0.53,0.52,0.53,0.53,32160
1021,2024-03-15,0.527,0.545,0.514,0.545,0.545,104881
1022,2024-03-18,0.545,0.545,0.53,0.54,0.54,41860
1023,2024-03-19,0.516,0.5345,0.516,0.527,0.527,62884
1024,2024-03-20,0.516,0.527,0.4992,0.506,0.506,138802
1025,2024-03-21,0.505,0.5165,0.505,0.509,0.509,30454
1026,2024-03-22,0.509,0.53,0.501,0.521,0.521,91017
1027,2024-03-25,0.521,0.53,0.52,0.5215,0.5215,74703
1028,2024-03-26,0.525,0.53,0.51,0.5165,0.5165,71015
1029,2024-03-27,0.51,0.52,0.505,0.515,0.515,85622
1030,2024-03-28,0.522,0.522,0.505,0.517,0.517,108252
1031,2024-04-02,0.506,0.516,0.506,0.508,0.508,57407
1032,2024-04-03,0.506,0.515,0.505,0.509,0.509,34484
1033,2024-04-04,0.516,0.516,0.505,0.51,0.51,61697
1034,2024-04-05,0.505,0.516,0.505,0.515,0.515,69114
1035,2024-04-08,0.51,0.624,0.509,0.59,0.59,665742
1036,2024-04-09,0.6,0.619,0.589,0.59,0.59,167946
1037,2024-04-10,0.604,0.619,0.587,0.604,0.604,135422
1038,2024-04-11,0.604,0.604,0.579,0.587,0.587,97416
1039,2024-04-12,0.576,0.596,0.575,0.593,0.593,102461
